{"0": 0.45, "1": 0.45, "2": 0.5, "3": 0.55, "4": 0.47500000000000003, "5": 0.5, "6": 0.525, "7": 0.47500000000000003}